{
    "structured_data": {
        "basic_information": {
            "soils": [
                {
                    "component": -1.0,
                    "thickness": 100,
                    "c": 0,
                    "phi": 0,
                    "gamma": 0,
                    "sigma_c": 0,
                    "C_s": 0,
                    "C_c": 0,
                    "e_0": 0,
                    "elastic_module": 9000.0,
                    "poisson_ratio": 0.3
                },
                {
                    "component": -1.0,
                    "thickness": 100,
                    "c": 0,
                    "phi": 0,
                    "gamma": 0,
                    "sigma_c": 0,
                    "C_s": 0,
                    "C_c": 0,
                    "e_0": 0,
                    "elastic_module": 8500.0,
                    "poisson_ratio": 0.3
                },
                {
                    "component": -1.0,
                    "thickness": 100,
                    "c": 0,
                    "phi": 0,
                    "gamma": 0,
                    "sigma_c": 0,
                    "C_s": 0,
                    "C_c": 0,
                    "e_0": 0,
                    "elastic_module": 13000.0,
                    "poisson_ratio": 0.3
                }
            ],
            "D_r": 1.0,
            "GW": 10000,
            "water_weight": 9.8,
            "load": {
                "total_load": -1.0,
                "per_load": {
                    "q_min": 120.0,
                    "q_max": 180.0
                },
                "load_angle": 0,
                "M": 0,
                "e": 0
            }
        },
        "design_requirement": {
            "footing_style": "rectangular",
            "damage_style": "general damage",
            "footing_size": {
                "B": 1.5,
                "L": 2.0
            },
            "safety_factor": 3,
            "ground_style": "rigid",
            "footing_material": "concrete"
        },
        "task_identification": {
            "task": "verification",
            "sub_task": "settlement"
        }
    },
    "capacity": false,
    "settlement": {
        "center": 0.02051245402583946,
        "corner": 0.010227172924540336
    },
    "suggestion": null
}