{
    "structured_data": {
        "basic_information": {
            "soils": [
                {
                    "component": "sandy silt",
                    "thickness": 4.0,
                    "c": 8.0,
                    "phi": 24.0,
                    "gamma": 17.0,
                    "sigma_c": 0,
                    "C_s": 0.07,
                    "C_c": 0.22,
                    "e_0": 0.76,
                    "elastic_module": 11000.0,
                    "poisson_ratio": 0.38
                },
                {
                    "component": "stiff clay",
                    "thickness": 5.0,
                    "c": 20.0,
                    "phi": 18.0,
                    "gamma": 19.0,
                    "sigma_c": 0,
                    "C_s": 0.09,
                    "C_c": 0.3,
                    "e_0": 0.8,
                    "elastic_module": 18000.0,
                    "poisson_ratio": 0.45
                }
            ],
            "D_r": 2.0,
            "GW": 10000,
            "water_weight": 9.8,
            "load": {
                "total_load": -1.0,
                "per_load": {
                    "q_min": 20.0,
                    "q_max": 80.0
                },
                "load_angle": 8.0,
                "M": 0,
                "e": 0
            }
        },
        "design_requirement": {
            "footing_style": "square",
            "damage_style": "general damage",
            "footing_size": {
                "B": 1.4820142187499994,
                "L": 1.4820142187499994
            },
            "safety_factor": 3.2,
            "ground_style": "rigid",
            "footing_material": "concrete"
        },
        "task_identification": {
            "task": "design",
            "sub_task": "capacityand settlement"
        }
    },
    "capacity": {
        "Terzaghi_result": 219.34190392109372,
        "general_equation_result": 247.6757691974676
    },
    "settlement": {
        "center": 0.12061012055802307,
        "corner": 0.11924091192807985
    },
    "suggestion": null
}