id,image,question
0,/home/ruan/Project/idea2_footing/code/Milvus_RAG/data/image-text/0.png,"A square column foundation has to carry a gross allowable total load Q of 150 kN. The depth of the foundation is 0.7 m. The load is inclined at an angle of 20 to the vertical. Determine the width of the foundation, B. (factor of safety is 3.)"
1,/home/ruan/Project/idea2_footing/code/Milvus_RAG/data/image-text/1.png,"A square foundation is 1.5 m * 1.5m. Assume that the one-way load eccentricity e = 0.15 m. Determine the ultimate load, Q. "
2,/home/ruan/Project/idea2_footing/code/Milvus_RAG/data/image-text/2.png,"A continuous foundation is shown in the figure below. If the load eccentricity is 0.2 m, determine the ultimate load, Q per unit length of the foundation."
3,/home/ruan/Project/idea2_footing/code/Milvus_RAG/data/image-text/3.png,"A continuous foundation is shown in the figure. Estimate the ultimate load, per unit length of the foundation."
4,/home/ruan/Project/idea2_footing/code/Milvus_RAG/data/image-text/4.jpg,A rigid shallow foundation 1 m * 2 m is shown in figure below. Calculate the elastic settlement at the center of the foundation.
5,/home/ruan/Project/idea2_footing/code/Milvus_RAG/data/image-text/5.jpg, A plan of a foundation 1 m * 2 m is shown in Figure below. Estimate the consolidation settlement of the foundation.
