{
    "structured_data": {
        "basic_information": {
            "soils": [
                {
                    "component": "gravel",
                    "thickness": 4.0,
                    "c": 0.0,
                    "phi": 35.0,
                    "gamma": 20.0,
                    "sigma_c": 0,
                    "C_s": 0,
                    "C_c": 0,
                    "e_0": 0,
                    "elastic_module": 15000.0,
                    "poisson_ratio": 0
                },
                {
                    "component": "clay",
                    "thickness": 100,
                    "c": 20.0,
                    "phi": 25.0,
                    "gamma": 19.0,
                    "sigma_c": 0,
                    "C_s": 0,
                    "C_c": 0,
                    "e_0": 0,
                    "elastic_module": 12000.0,
                    "poisson_ratio": 0
                }
            ],
            "D_r": 1.8,
            "GW": 10000,
            "water_weight": 9.8,
            "load": {
                "total_load": -1.0,
                "per_load": {
                    "q_min": 150.0,
                    "q_max": 150.0
                },
                "load_angle": 90.0,
                "M": 0,
                "e": 0
            }
        },
        "design_requirement": {
            "footing_style": "square",
            "damage_style": "general damage",
            "footing_size": {
                "B": 0.7082332812499994,
                "L": 0.7082332812499994
            },
            "safety_factor": 2.5,
            "ground_style": "rigid",
            "footing_material": "concrete"
        },
        "task_identification": {
            "task": "design",
            "sub_task": "capacityand settlement"
        }
    },
    "capacity": {
        "Terzaghi_result": 699.6507945649998,
        "general_equation_result": 201.59949963971926
    },
    "settlement": {
        "center": 8.265474095974172e-20,
        "corner": 4.1207284423962627e-20
    },
    "suggestion": null
}