{
    "structured_data": {
        "basic_information": {
            "soils": [
                {
                    "component": "loam",
                    "thickness": 5.0,
                    "c": 0.0,
                    "phi": 0,
                    "gamma": 19.0,
                    "sigma_c": 0,
                    "C_s": 0.0,
                    "C_c": 0.0,
                    "e_0": 0.0,
                    "elastic_module": 8000.0,
                    "poisson_ratio": 0
                },
                {
                    "component": "dense clay",
                    "thickness": 5.0,
                    "c": 0,
                    "phi": 0,
                    "gamma": 20.0,
                    "sigma_c": 0,
                    "C_s": 0.1,
                    "C_c": 0.2,
                    "e_0": 0.7,
                    "elastic_module": 7000.0,
                    "poisson_ratio": 0
                }
            ],
            "D_r": 2.5,
            "GW": 4.0,
            "water_weight": 9.8,
            "load": {
                "total_load": -1.0,
                "per_load": {
                    "q_min": 200.0,
                    "q_max": 200.0
                },
                "load_angle": 0,
                "M": 0,
                "e": 0
            }
        },
        "design_requirement": {
            "footing_style": "circular",
            "damage_style": "general damage",
            "footing_size": {
                "B": 2.0,
                "L": 2.0
            },
            "safety_factor": 3,
            "ground_style": "rigid",
            "footing_material": "concrete"
        },
        "task_identification": {
            "task": "verification",
            "sub_task": "settlement"
        }
    },
    "capacity": false,
    "settlement": {
        "center": 0.06449779108731074,
        "corner": 0.051348718772442375
    },
    "suggestion": null
}