{
    "structured_data": {
        "basic_information": {
            "soils": [
                {
                    "component": "sandy",
                    "thickness": 1.5,
                    "c": 0,
                    "phi": 0,
                    "gamma": 18.0,
                    "sigma_c": 0,
                    "C_s": 0,
                    "C_c": 0,
                    "e_0": 0,
                    "elastic_module": 20000.0,
                    "poisson_ratio": 0.3
                },
                {
                    "component": "clay",
                    "thickness": 2.5,
                    "c": 0,
                    "phi": 0,
                    "gamma": 16.0,
                    "sigma_c": 0,
                    "C_s": 0.05,
                    "C_c": 0.3,
                    "e_0": 0,
                    "elastic_module": 10000.0,
                    "poisson_ratio": 0
                },
                {
                    "component": "sandy",
                    "thickness": 3.0,
                    "c": 0,
                    "phi": 0,
                    "gamma": 19.0,
                    "sigma_c": 0,
                    "C_s": 0,
                    "C_c": 0,
                    "e_0": 0,
                    "elastic_module": 25000.0,
                    "poisson_ratio": 0
                }
            ],
            "D_r": 2.0,
            "GW": 3.5,
            "water_weight": 9.8,
            "load": {
                "total_load": -1.0,
                "per_load": {
                    "q_min": 120.0,
                    "q_max": 120.0
                },
                "load_angle": 0,
                "M": 0,
                "e": 0
            }
        },
        "design_requirement": {
            "footing_style": "square",
            "damage_style": "general damage",
            "footing_size": {
                "B": 2.0,
                "L": 2.0
            },
            "safety_factor": 3,
            "ground_style": "rigid",
            "footing_material": "concrete"
        },
        "task_identification": {
            "task": "verification",
            "sub_task": "settlement"
        }
    },
    "capacity": false,
    "settlement": {
        "center": 0.34030794329286995,
        "corner": 0.33508010171754954
    },
    "suggestion": null
}