{
    "structured_data": {
        "basic_information": {
            "soils": [
                {
                    "component": "sand",
                    "thickness": 2.0,
                    "c": 0,
                    "phi": 0,
                    "gamma": 17.5,
                    "sigma_c": 0,
                    "C_s": 0,
                    "C_c": 0,
                    "e_0": 0,
                    "elastic_module": 14000.0,
                    "poisson_ratio": 0.3
                },
                {
                    "component": "clay",
                    "thickness": 1.5,
                    "c": 0,
                    "phi": 0,
                    "gamma": 16.5,
                    "sigma_c": 0,
                    "C_s": 0.07,
                    "C_c": 0.27,
                    "e_0": 0,
                    "elastic_module": 9000.0,
                    "poisson_ratio": 0.3
                },
                {
                    "component": "sand",
                    "thickness": 2.5,
                    "c": 0,
                    "phi": 0,
                    "gamma": 18.5,
                    "sigma_c": 0,
                    "C_s": 0,
                    "C_c": 0,
                    "e_0": 0,
                    "elastic_module": 22000.0,
                    "poisson_ratio": 0.3
                }
            ],
            "D_r": 1.3,
            "GW": 2.3,
            "water_weight": 9.8,
            "load": {
                "total_load": -1.0,
                "per_load": {
                    "q_min": 140.0,
                    "q_max": 140.0
                },
                "load_angle": 0,
                "M": 0,
                "e": 0
            }
        },
        "design_requirement": {
            "footing_style": "rectangular",
            "damage_style": "general damage",
            "footing_size": {
                "B": 1.5,
                "L": 2.5
            },
            "safety_factor": 3,
            "ground_style": "rigid",
            "footing_material": "concrete"
        },
        "task_identification": {
            "task": "verification",
            "sub_task": "settlement"
        }
    },
    "capacity": false,
    "settlement": {
        "center": 0.13427544190665774,
        "corner": 0.12722251339814106
    },
    "suggestion": null
}