{
    "structured_data": {
        "basic_information": {
            "soils": [
                {
                    "component": "loam",
                    "thickness": 2.8,
                    "c": 8.0,
                    "phi": 26.0,
                    "gamma": 17.8,
                    "sigma_c": 0,
                    "C_s": 0.09,
                    "C_c": 0.29,
                    "e_0": 0.74,
                    "elastic_module": 8500.0,
                    "poisson_ratio": 0.34
                },
                {
                    "component": "sand",
                    "thickness": 8.2,
                    "c": 0.0,
                    "phi": 34.0,
                    "gamma": 18.5,
                    "sigma_c": 0,
                    "C_s": 0.07,
                    "C_c": 0.24,
                    "e_0": 0.68,
                    "elastic_module": 13000.0,
                    "poisson_ratio": 0.28
                }
            ],
            "D_r": 1.5,
            "GW": 2.0,
            "water_weight": 9.8,
            "load": {
                "total_load": -1.0,
                "per_load": {
                    "q_min": 110.0,
                    "q_max": 110.0
                },
                "load_angle": 12.0,
                "M": 0,
                "e": 0
            }
        },
        "design_requirement": {
            "footing_style": "square",
            "damage_style": "general damage",
            "footing_size": {
                "B": 2.5,
                "L": 2.5
            },
            "safety_factor": 3.2,
            "ground_style": "rigid",
            "footing_material": "concrete"
        },
        "task_identification": {
            "task": "design",
            "sub_task": "capacity and settlement"
        }
    },
    "capacity": {
        "Terzaghi_result": 283.1746875,
        "general_equation_result": 229.04490077193543
    },
    "settlement": {
        "center": 0.3829145990565554,
        "corner": 0.37387446560091414
    },
    "suggestion": null
}