{
    "structured_data": {
        "basic_information": {
            "soils": [
                {
                    "component": "loam",
                    "thickness": 1.5,
                    "c": 0,
                    "phi": 0,
                    "gamma": 17.8,
                    "sigma_c": 0,
                    "C_s": 0,
                    "C_c": 0,
                    "e_0": 0,
                    "elastic_module": 7200.0,
                    "poisson_ratio": 0
                },
                {
                    "component": "clay",
                    "thickness": 2.5,
                    "c": 0,
                    "phi": 0,
                    "gamma": 19.0,
                    "sigma_c": 0,
                    "C_s": 0.07,
                    "C_c": 0.24,
                    "e_0": 0.67,
                    "elastic_module": 6200.0,
                    "poisson_ratio": 0.34
                }
            ],
            "D_r": 1.2,
            "GW": 3.7,
            "water_weight": 9.8,
            "load": {
                "total_load": -1.0,
                "per_load": {
                    "q_min": 140.0,
                    "q_max": 140.0
                },
                "load_angle": 0,
                "M": 0,
                "e": 0
            }
        },
        "design_requirement": {
            "footing_style": "strip",
            "damage_style": "general damage",
            "footing_size": {
                "B": 1.0,
                "L": 10.0
            },
            "safety_factor": 3,
            "ground_style": "rigid",
            "footing_material": "concrete"
        },
        "task_identification": {
            "task": "verification",
            "sub_task": "settlement"
        }
    },
    "capacity": false,
    "settlement": {
        "center": 0.14076956021186207,
        "corner": 0.12339410343127921
    },
    "suggestion": null
}