{
    "structured_data": {
        "basic_information": {
            "soils": [
                {
                    "component": "sand",
                    "thickness": 2.0,
                    "c": 0.0,
                    "phi": 33.0,
                    "gamma": 18.2,
                    "sigma_c": 0,
                    "C_s": 0.08,
                    "C_c": 0.27,
                    "e_0": 0.72,
                    "elastic_module": 10500.0,
                    "poisson_ratio": 0.32
                },
                {
                    "component": "clay",
                    "thickness": 7.0,
                    "c": 18.0,
                    "phi": 29.0,
                    "gamma": 19.8,
                    "sigma_c": 0,
                    "C_s": 0.1,
                    "C_c": 0.3,
                    "e_0": 0.76,
                    "elastic_module": 14000.0,
                    "poisson_ratio": 0.36
                }
            ],
            "D_r": 2.5,
            "GW": 1.8,
            "water_weight": 9.8,
            "load": {
                "total_load": -1.0,
                "per_load": {
                    "q_min": 0.0,
                    "q_max": 100.0
                },
                "load_angle": 25.0,
                "M": 0,
                "e": 0
            }
        },
        "design_requirement": {
            "footing_style": "square",
            "damage_style": "general damage",
            "footing_size": {
                "B": 1.4820142187499994,
                "L": 1.4820142187499994
            },
            "safety_factor": 2.8,
            "ground_style": "rigid",
            "footing_material": "concrete"
        },
        "task_identification": {
            "task": "design",
            "sub_task": "capacity and settlement"
        }
    },
    "capacity": {
        "Terzaghi_result": 601.8368429419644,
        "general_equation_result": 442.28615846889454
    },
    "settlement": {
        "center": 0.13779774457967792,
        "corner": 0.1365860488063463
    },
    "suggestion": null
}