{
    "structured_data": {
        "basic_information": {
            "soils": [
                {
                    "component": "clay",
                    "thickness": 5.0,
                    "c": 0,
                    "phi": 0,
                    "gamma": 18.0,
                    "sigma_c": 0,
                    "C_s": 0.09,
                    "C_c": 0.28,
                    "e_0": 0.75,
                    "elastic_module": 11000.0,
                    "poisson_ratio": 0.35
                }
            ],
            "D_r": 1.5,
            "GW": 5.0,
            "water_weight": 9.8,
            "load": {
                "total_load": -1.0,
                "per_load": {
                    "q_min": 160.0,
                    "q_max": 160.0
                },
                "load_angle": 0,
                "M": 0,
                "e": 0
            }
        },
        "design_requirement": {
            "footing_style": "square",
            "damage_style": "general damage",
            "footing_size": {
                "B": 1.8,
                "L": 1.8
            },
            "safety_factor": 3,
            "ground_style": "rigid",
            "footing_material": "concrete"
        },
        "task_identification": {
            "task": "verification",
            "sub_task": "settlement"
        }
    },
    "capacity": false,
    "settlement": {
        "center": 0.31045092553698195,
        "corner": 0.29543084953669896
    },
    "suggestion": null
}