{
    "structured_data": {
        "basic_information": {
            "soils": [
                {
                    "component": "clay",
                    "thickness": 3.5,
                    "c": 20.0,
                    "phi": 28.0,
                    "gamma": 19.5,
                    "sigma_c": 0,
                    "C_s": 0.11,
                    "C_c": 0.31,
                    "e_0": 0.78,
                    "elastic_module": 11000.0,
                    "poisson_ratio": 0.38
                },
                {
                    "component": "gravel",
                    "thickness": 8.5,
                    "c": 0.0,
                    "phi": 35.0,
                    "gamma": 20.5,
                    "sigma_c": 0,
                    "C_s": 0.06,
                    "C_c": 0.2,
                    "e_0": 0.65,
                    "elastic_module": 18000.0,
                    "poisson_ratio": 0.25
                }
            ],
            "D_r": 2.3,
            "GW": 2.2,
            "water_weight": 9.8,
            "load": {
                "total_load": -1.0,
                "per_load": {
                    "q_min": 130.0,
                    "q_max": 130.0
                },
                "load_angle": 10.0,
                "M": 0,
                "e": 0
            }
        },
        "design_requirement": {
            "footing_style": "rectangular",
            "damage_style": "general damage",
            "footing_size": {
                "B": 1.4820142187499994,
                "L": 1.4820142187499994
            },
            "safety_factor": 3.0,
            "ground_style": "rigid",
            "footing_material": "concrete"
        },
        "task_identification": {
            "task": "design",
            "sub_task": "capacity, settlement"
        }
    },
    "capacity": {
        "Terzaghi_result": 560.6542159372917,
        "general_equation_result": 630.1630805463305
    },
    "settlement": {
        "center": 0.34606292042664777,
        "corner": 0.34283842842491746
    },
    "suggestion": null
}