{
    "structured_data": {
        "basic_information": {
            "soils": [
                {
                    "component": "clay",
                    "thickness": 2.5,
                    "c": 0,
                    "phi": 0,
                    "gamma": 17.0,
                    "sigma_c": 0,
                    "C_s": 0.1,
                    "C_c": 0.3,
                    "e_0": 0.8,
                    "elastic_module": 10000.0,
                    "poisson_ratio": 0
                },
                {
                    "component": "sand",
                    "thickness": 2.0,
                    "c": 0,
                    "phi": 0,
                    "gamma": 20.0,
                    "sigma_c": 0,
                    "C_s": 0.0,
                    "C_c": 0.0,
                    "e_0": 0.8,
                    "elastic_module": 10000.0,
                    "poisson_ratio": 0
                },
                {
                    "component": "clay",
                    "thickness": 3.0,
                    "c": 0,
                    "phi": 0,
                    "gamma": 30.0,
                    "sigma_c": 0,
                    "C_s": 0.1,
                    "C_c": 0.3,
                    "e_0": 0.7,
                    "elastic_module": 10000.0,
                    "poisson_ratio": 0
                }
            ],
            "D_r": 5.5,
            "GW": 1.0,
            "water_weight": 9.8,
            "load": {
                "total_load": 100.0,
                "per_load": {
                    "q_min": -1.0,
                    "q_max": -1.0
                },
                "load_angle": 0,
                "M": 0,
                "e": 0
            }
        },
        "design_requirement": {
            "footing_style": "rectangular",
            "damage_style": "general damage",
            "footing_size": {
                "B": 2.0,
                "L": 3.0
            },
            "safety_factor": 3,
            "ground_style": "rigid",
            "footing_material": "concrete"
        },
        "task_identification": {
            "task": "design",
            "sub_task": "settlement"
        }
    },
    "capacity": false,
    "settlement": {
        "center": 0.0454063407123605,
        "corner": 0.04491768169978418
    },
    "suggestion": null
}