{
    "structured_data": {
        "basic_information": {
            "soils": [
                {
                    "component": "sandy silt",
                    "thickness": 5.0,
                    "c": 8.0,
                    "phi": 25.0,
                    "gamma": 17.0,
                    "sigma_c": 0,
                    "C_s": 0,
                    "C_c": 0,
                    "e_0": 0,
                    "elastic_module": 10000.0,
                    "poisson_ratio": 0
                },
                {
                    "component": "clay",
                    "thickness": 10.0,
                    "c": 15.0,
                    "phi": 20.0,
                    "gamma": 19.0,
                    "sigma_c": 0,
                    "C_s": 0,
                    "C_c": 0,
                    "e_0": 0,
                    "elastic_module": 12000.0,
                    "poisson_ratio": 0
                }
            ],
            "D_r": 2.4,
            "GW": 1.8,
            "water_weight": 9.8,
            "load": {
                "total_load": 500.0,
                "per_load": {
                    "q_min": -1.0,
                    "q_max": -1.0
                },
                "load_angle": 20.0,
                "M": 0,
                "e": 0
            }
        },
        "design_requirement": {
            "footing_style": "square",
            "damage_style": "general damage",
            "footing_size": {
                "B": 2.275,
                "L": 2.275
            },
            "safety_factor": 3.0,
            "ground_style": "rigid",
            "footing_material": "concrete"
        },
        "task_identification": {
            "task": "design",
            "sub_task": "capacity and settlement"
        }
    },
    "capacity": {
        "Terzaghi_result": 253.39269333333334,
        "general_equation_result": 203.29365733932113
    },
    "settlement": {
        "center": 0.009387264685424635,
        "corner": 0.004376993744768939
    },
    "suggestion": null
}