{
    "structured_data": {
        "basic_information": {
            "soils": [
                {
                    "component": "sand",
                    "thickness": 1.4,
                    "c": 0,
                    "phi": 0,
                    "gamma": 16.2,
                    "sigma_c": 0,
                    "C_s": 0,
                    "C_c": 0,
                    "e_0": 0,
                    "elastic_module": 10800.0,
                    "poisson_ratio": 0
                },
                {
                    "component": "clay",
                    "thickness": 2.6,
                    "c": 0,
                    "phi": 0,
                    "gamma": 17.5,
                    "sigma_c": 0,
                    "C_s": 0.11,
                    "C_c": 0.34,
                    "e_0": 0.84,
                    "elastic_module": 9200.0,
                    "poisson_ratio": 0.42
                }
            ],
            "D_r": 1.4,
            "GW": 3.1,
            "water_weight": 9.8,
            "load": {
                "total_load": -1.0,
                "per_load": {
                    "q_min": 110.0,
                    "q_max": 110.0
                },
                "load_angle": 0,
                "M": 0,
                "e": 0
            }
        },
        "design_requirement": {
            "footing_style": "strip",
            "damage_style": "general damage",
            "footing_size": {
                "B": 1.0,
                "L": 12.0
            },
            "safety_factor": 3,
            "ground_style": "rigid",
            "footing_material": "concrete"
        },
        "task_identification": {
            "task": "verification",
            "sub_task": "settlement"
        }
    },
    "capacity": false,
    "settlement": {
        "center": 0.17156075308643348,
        "corner": 0.16268266984292815
    },
    "suggestion": null
}