{
    "structured_data": {
        "basic_information": {
            "soils": [
                {
                    "component": "sand",
                    "thickness": 2.0,
                    "c": 0,
                    "phi": 0,
                    "gamma": 16.0,
                    "sigma_c": 0,
                    "C_s": 0,
                    "C_c": 0,
                    "e_0": 0,
                    "elastic_module": 11000.0,
                    "poisson_ratio": 0
                },
                {
                    "component": "clay",
                    "thickness": 3.0,
                    "c": 0,
                    "phi": 0,
                    "gamma": 17.0,
                    "sigma_c": 0,
                    "C_s": 0.1,
                    "C_c": 0.35,
                    "e_0": 0.85,
                    "elastic_module": 10000.0,
                    "poisson_ratio": 0.45
                }
            ],
            "D_r": 2.0,
            "GW": 4.0,
            "water_weight": 9.8,
            "load": {
                "total_load": -1.0,
                "per_load": {
                    "q_min": 150.0,
                    "q_max": 150.0
                },
                "load_angle": 0,
                "M": 0,
                "e": 0
            }
        },
        "design_requirement": {
            "footing_style": "square",
            "damage_style": "general damage",
            "footing_size": {
                "B": 1.5,
                "L": 1.5
            },
            "safety_factor": 3,
            "ground_style": "rigid",
            "footing_material": "concrete"
        },
        "task_identification": {
            "task": "verification",
            "sub_task": "settlement"
        }
    },
    "capacity": false,
    "settlement": {
        "center": 0.1754546470091461,
        "corner": 0.16690356778662988
    },
    "suggestion": null
}