{
    "structured_data": {
        "basic_information": {
            "soils": [
                {
                    "component": "sand",
                    "thickness": 2.5,
                    "c": 0,
                    "phi": 0,
                    "gamma": 16.5,
                    "sigma_c": 0,
                    "C_s": 0,
                    "C_c": 0,
                    "e_0": 0,
                    "elastic_module": 10000.0,
                    "poisson_ratio": 0.3
                },
                {
                    "component": "sand",
                    "thickness": 0.5,
                    "c": 0,
                    "phi": 0,
                    "gamma": 17.5,
                    "sigma_c": 0,
                    "C_s": 0,
                    "C_c": 0,
                    "e_0": 0,
                    "elastic_module": 8000.0,
                    "poisson_ratio": 0.3
                },
                {
                    "component": "normally consolidated clay",
                    "thickness": 2.5,
                    "c": 0,
                    "phi": 0,
                    "gamma": 16.0,
                    "sigma_c": 0,
                    "C_s": 0.09,
                    "C_c": 0.32,
                    "e_0": 0.8,
                    "elastic_module": 12000.0,
                    "poisson_ratio": 0.5
                }
            ],
            "D_r": 1.0,
            "GW": 2.5,
            "water_weight": 9.8,
            "load": {
                "total_load": -1.0,
                "per_load": {
                    "q_min": 150.0,
                    "q_max": 150.0
                },
                "load_angle": 0,
                "M": 0,
                "e": 0
            }
        },
        "design_requirement": {
            "footing_style": "rectangular",
            "damage_style": "general damage",
            "footing_size": {
                "B": 1.0,
                "L": 2.0
            },
            "safety_factor": 3,
            "ground_style": "rigid",
            "footing_material": "concrete"
        },
        "task_identification": {
            "task": "verification",
            "sub_task": "settlement"
        }
    },
    "capacity": false,
    "settlement": {
        "center": 0.057952294346166,
        "corner": 0.051614628191424775
    },
    "suggestion": null
}