{
    "structured_data": {
        "basic_information": {
            "soils": [
                {
                    "component": "clay",
                    "thickness": 5.0,
                    "c": 12.0,
                    "phi": 25.0,
                    "gamma": 18.0,
                    "sigma_c": 0,
                    "C_s": 0,
                    "C_c": 0,
                    "e_0": 0,
                    "elastic_module": 10000.0,
                    "poisson_ratio": 0
                },
                {
                    "component": "gravel",
                    "thickness": 100,
                    "c": 0.0,
                    "phi": 38.0,
                    "gamma": 21.0,
                    "sigma_c": 0,
                    "C_s": 0,
                    "C_c": 0,
                    "e_0": 0,
                    "elastic_module": 18000.0,
                    "poisson_ratio": 0
                }
            ],
            "D_r": 2.2,
            "GW": 10000,
            "water_weight": 9.8,
            "load": {
                "total_load": -1.0,
                "per_load": {
                    "q_min": 0.0,
                    "q_max": 100.0
                },
                "load_angle": 25.0,
                "M": 0,
                "e": 0
            }
        },
        "design_requirement": {
            "footing_style": "rectangular footing",
            "damage_style": "general damage",
            "footing_size": {
                "B": 1.4820142187499994,
                "L": 1.4820142187499994
            },
            "safety_factor": 2,
            "ground_style": "rigid",
            "footing_material": "concrete"
        },
        "task_identification": {
            "task": "design",
            "sub_task": "capacity and settlement"
        }
    },
    "capacity": {
        "Terzaghi_result": 492.36599490375,
        "general_equation_result": 341.6760758833931
    },
    "settlement": {
        "center": 0.0023274209047466016,
        "corner": 0.001156681169938312
    },
    "suggestion": null
}