{
    "structured_data": {
        "basic_information": {
            "soils": [
                {
                    "component": "loam",
                    "thickness": 3.0,
                    "c": 8.0,
                    "phi": 22.0,
                    "gamma": 16.0,
                    "sigma_c": 0,
                    "C_s": 0,
                    "C_c": 0,
                    "e_0": 0,
                    "elastic_module": 6000.0,
                    "poisson_ratio": 0
                },
                {
                    "component": "sand",
                    "thickness": 100,
                    "c": 0.0,
                    "phi": 30.0,
                    "gamma": 18.0,
                    "sigma_c": 0,
                    "C_s": 0,
                    "C_c": 0,
                    "e_0": 0,
                    "elastic_module": 14000.0,
                    "poisson_ratio": 0
                }
            ],
            "D_r": 1.8,
            "GW": 10000,
            "water_weight": 9.8,
            "load": {
                "total_load": -1.0,
                "per_load": {
                    "q_min": 200.0,
                    "q_max": 200.0
                },
                "load_angle": 0.0,
                "M": 0,
                "e": 0
            }
        },
        "design_requirement": {
            "footing_style": "rectangular footing",
            "damage_style": "general damage",
            "footing_size": {
                "B": 2.5,
                "L": 2.5
            },
            "safety_factor": 2.5,
            "ground_style": "rigid",
            "footing_material": "concrete"
        },
        "task_identification": {
            "task": "design",
            "sub_task": "capacity and settlement"
        }
    },
    "capacity": {
        "Terzaghi_result": 222.76799999999997,
        "general_equation_result": 289.15197639773055
    },
    "settlement": {
        "center": 0.02535145888951676,
        "corner": 0.012543537123499359
    },
    "suggestion": null
}