{
    "structured_data": {
        "basic_information": {
            "soils": [
                {
                    "component": "clay",
                    "thickness": 8.0,
                    "c": 15.0,
                    "phi": 30.0,
                    "gamma": 20.0,
                    "sigma_c": 0,
                    "C_s": 0.1,
                    "C_c": 0.3,
                    "e_0": 0.8,
                    "elastic_module": 15000.0,
                    "poisson_ratio": 0.4
                }
            ],
            "D_r": 1.420743,
            "GW": 10000,
            "water_weight": 9.8,
            "load": {
                "total_load": -1.0,
                "per_load": {
                    "q_min": 0.0,
                    "q_max": 120.0
                },
                "load_angle": 20.0,
                "M": 0,
                "e": 0
            }
        },
        "design_requirement": {
            "footing_style": "strip",
            "damage_style": "general damage",
            "footing_size": {
                "B": 1.4820142187499994,
                "L": 1.4820142187499994
            },
            "safety_factor": 3,
            "ground_style": "rigid",
            "footing_material": "concrete"
        },
        "task_identification": {
            "task": "design",
            "sub_task": "capacity and settlement"
        }
    },
    "capacity": {
        "Terzaghi_result": 493.0356918822916,
        "general_equation_result": 264.74137298753266
    },
    "settlement": {
        "center": 0.08580862734636127,
        "corner": 0.08410626828568309
    },
    "suggestion": null
}