{
    "structured_data": {
        "basic_information": {
            "soils": [
                {
                    "component": "dense sand",
                    "thickness": 2.0,
                    "c": 0.0,
                    "phi": 35.0,
                    "gamma": 19.0,
                    "sigma_c": 0,
                    "C_s": 0,
                    "C_c": 0,
                    "e_0": 0,
                    "elastic_module": 18000.0,
                    "poisson_ratio": 0
                },
                {
                    "component": "clay",
                    "thickness": 6.0,
                    "c": 12.0,
                    "phi": 25.0,
                    "gamma": 20.0,
                    "sigma_c": 0,
                    "C_s": 0,
                    "C_c": 0,
                    "e_0": 0,
                    "elastic_module": 12000.0,
                    "poisson_ratio": 0
                }
            ],
            "D_r": 2.4,
            "GW": 1.2,
            "water_weight": 9.8,
            "load": {
                "total_load": 250.0,
                "per_load": {
                    "q_min": -1.0,
                    "q_max": -1.0
                },
                "load_angle": 15.0,
                "M": 0,
                "e": 0
            }
        },
        "design_requirement": {
            "footing_style": "square",
            "damage_style": "general damage",
            "footing_size": {
                "B": 1.4820142187499994,
                "L": 1.4820142187499994
            },
            "safety_factor": 3.0,
            "ground_style": "rigid",
            "footing_material": "concrete"
        },
        "task_identification": {
            "task": "design",
            "sub_task": "capacity, settlement"
        }
    },
    "capacity": {
        "Terzaghi_result": 292.66319807475,
        "general_equation_result": 283.3148261297846
    },
    "settlement": {
        "center": 0.004494827831542639,
        "corner": 0.002061378959348311
    },
    "suggestion": null
}