{
    "structured_data": {
        "basic_information": {
            "soils": [
                {
                    "component": "clay",
                    "thickness": 7.0,
                    "c": 0,
                    "phi": 0,
                    "gamma": 17.5,
                    "sigma_c": 0,
                    "C_s": 0.1,
                    "C_c": 0.32,
                    "e_0": 0.7,
                    "elastic_module": 14000.0,
                    "poisson_ratio": 0.38
                }
            ],
            "D_r": 1.8,
            "GW": 6.0,
            "water_weight": 9.8,
            "load": {
                "total_load": -1.0,
                "per_load": {
                    "q_min": 200.0,
                    "q_max": 200.0
                },
                "load_angle": 0,
                "M": 0,
                "e": 0
            }
        },
        "design_requirement": {
            "footing_style": "rectangular",
            "damage_style": "general damage",
            "footing_size": {
                "B": 2.0,
                "L": 3.0
            },
            "safety_factor": 3,
            "ground_style": "rigid",
            "footing_material": "concrete"
        },
        "task_identification": {
            "task": "verification",
            "sub_task": "settlement"
        }
    },
    "capacity": false,
    "settlement": {
        "center": 0.4542791190007009,
        "corner": 0.4378340831821058
    },
    "suggestion": null
}