{
    "structured_data": {
        "basic_information": {
            "soils": [
                {
                    "component": "sand",
                    "thickness": 1.8,
                    "c": 0,
                    "phi": 0,
                    "gamma": 17.8,
                    "sigma_c": 0,
                    "C_s": 0,
                    "C_c": 0,
                    "e_0": 0,
                    "elastic_module": 13000.0,
                    "poisson_ratio": 0
                },
                {
                    "component": "clay",
                    "thickness": 2.7,
                    "c": 0,
                    "phi": 0,
                    "gamma": 18.5,
                    "sigma_c": 0,
                    "C_s": 0.1,
                    "C_c": 0.32,
                    "e_0": 0.82,
                    "elastic_module": 11000.0,
                    "poisson_ratio": 0.38
                }
            ],
            "D_r": 1.8,
            "GW": 3.8,
            "water_weight": 9.8,
            "load": {
                "total_load": -1.0,
                "per_load": {
                    "q_min": 130.0,
                    "q_max": 130.0
                },
                "load_angle": 0,
                "M": 0,
                "e": 0
            }
        },
        "design_requirement": {
            "footing_style": "square",
            "damage_style": "general damage",
            "footing_size": {
                "B": 1.8,
                "L": 1.8
            },
            "safety_factor": 3,
            "ground_style": "rigid",
            "footing_material": "concrete"
        },
        "task_identification": {
            "task": "verification",
            "sub_task": "settlement"
        }
    },
    "capacity": false,
    "settlement": {
        "center": 0.15575965652871054,
        "corner": 0.144241565209217
    },
    "suggestion": null
}