{
    "structured_data": {
        "basic_information": {
            "soils": [
                {
                    "component": "clay",
                    "thickness": 4.8,
                    "c": 0,
                    "phi": 30.0,
                    "gamma": 19.0,
                    "sigma_c": 0,
                    "C_s": 0.1,
                    "C_c": 0.3,
                    "e_0": 0.8,
                    "elastic_module": 15000.0,
                    "poisson_ratio": 0
                },
                {
                    "component": "sand",
                    "thickness": 5.0,
                    "c": 0,
                    "phi": 0,
                    "gamma": 17.0,
                    "sigma_c": 0,
                    "C_s": 0.0,
                    "C_c": 0.0,
                    "e_0": 0.0,
                    "elastic_module": 12000.0,
                    "poisson_ratio": 0
                }
            ],
            "D_r": 1.5,
            "GW": 1.0,
            "water_weight": 9.8,
            "load": {
                "total_load": -1.0,
                "per_load": {
                    "q_min": 100.0,
                    "q_max": 100.0
                },
                "load_angle": 0,
                "M": 0,
                "e": 0
            }
        },
        "design_requirement": {
            "footing_style": "square",
            "damage_style": "general damage",
            "footing_size": {
                "B": 0.7082332812499994,
                "L": 0.7082332812499994
            },
            "safety_factor": 3,
            "ground_style": "rigid",
            "footing_material": "concrete"
        },
        "task_identification": {
            "task": "verification",
            "sub_task": "capacityand settlement"
        }
    },
    "capacity": {
        "Terzaghi_result": 193.30482994225,
        "general_equation_result": 317.36721143975967
    },
    "settlement": {
        "center": 0.14148664045978518,
        "corner": 0.1408006524638571
    },
    "suggestion": null
}