{
    "structured_data": {
        "basic_information": {
            "soils": [
                {
                    "component": -1.0,
                    "thickness": 100,
                    "c": 0,
                    "phi": 0,
                    "gamma": 0,
                    "sigma_c": 0,
                    "C_s": 0,
                    "C_c": 0,
                    "e_0": 0,
                    "elastic_module": 12000.0,
                    "poisson_ratio": 0.34
                },
                {
                    "component": -1.0,
                    "thickness": 100,
                    "c": 0,
                    "phi": 0,
                    "gamma": 0,
                    "sigma_c": 0,
                    "C_s": 0,
                    "C_c": 0,
                    "e_0": 0,
                    "elastic_module": 11000.0,
                    "poisson_ratio": 0.34
                },
                {
                    "component": -1.0,
                    "thickness": 100,
                    "c": 0,
                    "phi": 0,
                    "gamma": 0,
                    "sigma_c": 0,
                    "C_s": 0,
                    "C_c": 0,
                    "e_0": 0,
                    "elastic_module": 16000.0,
                    "poisson_ratio": 0.34
                }
            ],
            "D_r": 1.4,
            "GW": 10000,
            "water_weight": 9.8,
            "load": {
                "total_load": -1.0,
                "per_load": {
                    "q_min": 130.0,
                    "q_max": 190.0
                },
                "load_angle": 0,
                "M": 0,
                "e": 0
            }
        },
        "design_requirement": {
            "footing_style": "rectangular",
            "damage_style": "general damage",
            "footing_size": {
                "B": 2.2,
                "L": 3.5
            },
            "safety_factor": 3,
            "ground_style": "rigid",
            "footing_material": "concrete"
        },
        "task_identification": {
            "task": "verification",
            "sub_task": "settlement"
        }
    },
    "capacity": false,
    "settlement": {
        "center": 0.026502482011745924,
        "corner": 0.013188857746523818
    },
    "suggestion": null
}