{
    "structured_data": {
        "basic_information": {
            "soils": [
                {
                    "component": "sandy clay",
                    "thickness": 3.0,
                    "c": 10.0,
                    "phi": 25.0,
                    "gamma": 19.0,
                    "sigma_c": 0,
                    "C_s": 0.09,
                    "C_c": 0.28,
                    "e_0": 0.75,
                    "elastic_module": 12000.0,
                    "poisson_ratio": 0.35
                },
                {
                    "component": "dense sand",
                    "thickness": 5.0,
                    "c": 0.0,
                    "phi": 38.0,
                    "gamma": 20.0,
                    "sigma_c": 0,
                    "C_s": 0.05,
                    "C_c": 0.15,
                    "e_0": 0.65,
                    "elastic_module": 25000.0,
                    "poisson_ratio": 0.3
                }
            ],
            "D_r": 2.1,
            "GW": 10000,
            "water_weight": 9.8,
            "load": {
                "total_load": -1.0,
                "per_load": {
                    "q_min": 50.0,
                    "q_max": 120.0
                },
                "load_angle": 10.0,
                "M": 0,
                "e": 0
            }
        },
        "design_requirement": {
            "footing_style": "square",
            "damage_style": "general damage",
            "footing_size": {
                "B": 1.4820142187499994,
                "L": 1.4820142187499994
            },
            "safety_factor": 2.8,
            "ground_style": "rigid",
            "footing_material": "concrete"
        },
        "task_identification": {
            "task": "design",
            "sub_task": "capacityand settlement"
        }
    },
    "capacity": {
        "Terzaghi_result": 331.48356758616075,
        "general_equation_result": 357.7320083212554
    },
    "settlement": {
        "center": 0.23945951330427562,
        "corner": 0.2378031319706301
    },
    "suggestion": null
}