{
    "structured_data": {
        "basic_information": {
            "soils": [
                {
                    "component": "sandy clay",
                    "thickness": 3.0,
                    "c": 8.0,
                    "phi": 28.0,
                    "gamma": 18.0,
                    "sigma_c": 0,
                    "C_s": 0,
                    "C_c": 0,
                    "e_0": 0,
                    "elastic_module": 10000.0,
                    "poisson_ratio": 0
                },
                {
                    "component": "clay",
                    "thickness": 7.0,
                    "c": 15.0,
                    "phi": 20.0,
                    "gamma": 19.0,
                    "sigma_c": 0,
                    "C_s": 0,
                    "C_c": 0,
                    "e_0": 0,
                    "elastic_module": 12000.0,
                    "poisson_ratio": 0
                }
            ],
            "D_r": 1.6,
            "GW": 1.5,
            "water_weight": 9.8,
            "load": {
                "total_load": -1.0,
                "per_load": {
                    "q_min": -1.0,
                    "q_max": -1.0
                },
                "load_angle": 0,
                "M": 0,
                "e": 0
            }
        },
        "design_requirement": {
            "footing_style": "square",
            "damage_style": "general damage",
            "footing_size": {
                "B": 1.5,
                "L": 1.5
            },
            "safety_factor": 2.0,
            "ground_style": "rigid",
            "footing_material": "concrete"
        },
        "task_identification": {
            "task": "design",
            "sub_task": "capacity and settlement"
        }
    },
    "capacity": {
        "Terzaghi_result": 445.8111,
        "general_equation_result": 625.8645730102462
    },
    "settlement": {
        "center": 0.0,
        "corner": 0.0
    },
    "suggestion": null
}