{
    "structured_data": {
        "basic_information": {
            "soils": [
                {
                    "component": "clay",
                    "thickness": 5.5,
                    "c": 0,
                    "phi": 0,
                    "gamma": 17.8,
                    "sigma_c": 0,
                    "C_s": 0.07,
                    "C_c": 0.27,
                    "e_0": 0.74,
                    "elastic_module": 13500.0,
                    "poisson_ratio": 0.37
                }
            ],
            "D_r": 1.1,
            "GW": 4.3,
            "water_weight": 9.8,
            "load": {
                "total_load": -1.0,
                "per_load": {
                    "q_min": 150.0,
                    "q_max": 150.0
                },
                "load_angle": 0,
                "M": 0,
                "e": 0
            }
        },
        "design_requirement": {
            "footing_style": "strip",
            "damage_style": "general damage",
            "footing_size": {
                "B": 1.0,
                "L": 10.0
            },
            "safety_factor": 3,
            "ground_style": "rigid",
            "footing_material": "concrete"
        },
        "task_identification": {
            "task": "verification",
            "sub_task": "settlement"
        }
    },
    "capacity": false,
    "settlement": {
        "center": 0.2622174329336484,
        "corner": 0.2544740771772813
    },
    "suggestion": null
}