{
    "structured_data": {
        "basic_information": {
            "soils": [
                {
                    "component": "clay",
                    "thickness": 2.0,
                    "c": 0,
                    "phi": 0,
                    "gamma": 19.5,
                    "sigma_c": 0,
                    "C_s": 0,
                    "C_c": 0,
                    "e_0": 0,
                    "elastic_module": 8500.0,
                    "poisson_ratio": 0
                },
                {
                    "component": "sand",
                    "thickness": 2.5,
                    "c": 0,
                    "phi": 0,
                    "gamma": 18.0,
                    "sigma_c": 0,
                    "C_s": 0.05,
                    "C_c": 0.22,
                    "e_0": 0.6,
                    "elastic_module": 12000.0,
                    "poisson_ratio": 0.28
                }
            ],
            "D_r": 1.8,
            "GW": 5.0,
            "water_weight": 9.8,
            "load": {
                "total_load": -1.0,
                "per_load": {
                    "q_min": 160.0,
                    "q_max": 160.0
                },
                "load_angle": 0,
                "M": 0,
                "e": 0
            }
        },
        "design_requirement": {
            "footing_style": "circular",
            "damage_style": "general damage",
            "footing_size": {
                "B": 2.5,
                "L": 2.5
            },
            "safety_factor": 3,
            "ground_style": "rigid",
            "footing_material": "concrete"
        },
        "task_identification": {
            "task": "verification",
            "sub_task": "settlement"
        }
    },
    "capacity": false,
    "settlement": {
        "center": 0.16779132746804984,
        "corner": 0.13528714897214206
    },
    "suggestion": null
}