{
    "structured_data": {
        "basic_information": {
            "soils": [
                {
                    "component": "clay",
                    "thickness": 6.0,
                    "c": 0,
                    "phi": 0,
                    "gamma": 19.0,
                    "sigma_c": 0,
                    "C_s": 0.11,
                    "C_c": 0.3,
                    "e_0": 0.72,
                    "elastic_module": 13000.0,
                    "poisson_ratio": 0.42
                }
            ],
            "D_r": 1.2,
            "GW": 5.2,
            "water_weight": 9.8,
            "load": {
                "total_load": -1.0,
                "per_load": {
                    "q_min": 180.0,
                    "q_max": 180.0
                },
                "load_angle": 0,
                "M": 0,
                "e": 0
            }
        },
        "design_requirement": {
            "footing_style": "circular",
            "damage_style": "general damage",
            "footing_size": {
                "B": 2.0,
                "L": 2.0
            },
            "safety_factor": 3,
            "ground_style": "rigid",
            "footing_material": "concrete"
        },
        "task_identification": {
            "task": "verification",
            "sub_task": "settlement"
        }
    },
    "capacity": false,
    "settlement": {
        "center": 0.344046625074411,
        "corner": 0.3280141957597443
    },
    "suggestion": null
}