{
    "structured_data": {
        "basic_information": {
            "soils": [
                {
                    "component": "silty clay",
                    "thickness": 3.0,
                    "c": 10.0,
                    "phi": 28.0,
                    "gamma": 18.0,
                    "sigma_c": 0,
                    "C_s": 0,
                    "C_c": 0,
                    "e_0": 0,
                    "elastic_module": 11000.0,
                    "poisson_ratio": 0
                },
                {
                    "component": "sand",
                    "thickness": 7.0,
                    "c": 0.0,
                    "phi": 38.0,
                    "gamma": 20.0,
                    "sigma_c": 0,
                    "C_s": 0,
                    "C_c": 0,
                    "e_0": 0,
                    "elastic_module": 25000.0,
                    "poisson_ratio": 0
                }
            ],
            "D_r": 1.9,
            "GW": 1.5,
            "water_weight": 9.8,
            "load": {
                "total_load": 400.0,
                "per_load": {
                    "q_min": -1.0,
                    "q_max": -1.0
                },
                "load_angle": 12.0,
                "M": 0,
                "e": 0
            }
        },
        "design_requirement": {
            "footing_style": "square",
            "damage_style": "general damage",
            "footing_size": {
                "B": 1.6652781249999995,
                "L": 1.6652781249999995
            },
            "safety_factor": 2.8,
            "ground_style": "rigid",
            "footing_material": "concrete"
        },
        "task_identification": {
            "task": "design",
            "sub_task": "capacity and settlement"
        }
    },
    "capacity": {
        "Terzaghi_result": 366.0884777946428,
        "general_equation_result": 376.1911138910013
    },
    "settlement": {
        "center": 0.005690514517848218,
        "corner": 0.0026340305613355144
    },
    "suggestion": null
}