{
    "structured_data": {
        "basic_information": {
            "soils": [
                {
                    "component": "silty sand",
                    "thickness": 2.0,
                    "c": 5.0,
                    "phi": 22.0,
                    "gamma": 18.0,
                    "sigma_c": 0,
                    "C_s": 0.08,
                    "C_c": 0.25,
                    "e_0": 0.78,
                    "elastic_module": 9000.0,
                    "poisson_ratio": 0.4
                },
                {
                    "component": "clay",
                    "thickness": 5.0,
                    "c": 15.0,
                    "phi": 20.0,
                    "gamma": 19.0,
                    "sigma_c": 0,
                    "C_s": 0.1,
                    "C_c": 0.35,
                    "e_0": 0.82,
                    "elastic_module": 10000.0,
                    "poisson_ratio": 0.5
                }
            ],
            "D_r": 1.9,
            "GW": 10000,
            "water_weight": 9.8,
            "load": {
                "total_load": -1.0,
                "per_load": {
                    "q_min": 30.0,
                    "q_max": 90.0
                },
                "load_angle": 12.0,
                "M": 0,
                "e": 0
            }
        },
        "design_requirement": {
            "footing_style": "square",
            "damage_style": "general damage",
            "footing_size": {
                "B": 2.06125,
                "L": 2.06125
            },
            "safety_factor": 3.0,
            "ground_style": "rigid",
            "footing_material": "concrete"
        },
        "task_identification": {
            "task": "design",
            "sub_task": "capacityand settlement"
        }
    },
    "capacity": {
        "Terzaghi_result": 173.8645633333333,
        "general_equation_result": 168.116721515781
    },
    "settlement": {
        "center": 0.2612320311697413,
        "corner": 0.2554908533395355
    },
    "suggestion": null
}