{
    "structured_data": {
        "basic_information": {
            "soils": [
                {
                    "component": "sand",
                    "thickness": 2.5,
                    "c": 0,
                    "phi": 0,
                    "gamma": 18.0,
                    "sigma_c": 0,
                    "C_s": 0,
                    "C_c": 0,
                    "e_0": 0,
                    "elastic_module": 9000.0,
                    "poisson_ratio": 0
                },
                {
                    "component": "clay",
                    "thickness": 2.5,
                    "c": 0,
                    "phi": 0,
                    "gamma": 19.0,
                    "sigma_c": 0,
                    "C_s": 0.07,
                    "C_c": 0.28,
                    "e_0": 0.7,
                    "elastic_module": 6500.0,
                    "poisson_ratio": 0.3
                }
            ],
            "D_r": 2.0,
            "GW": 5.5,
            "water_weight": 9.8,
            "load": {
                "total_load": -1.0,
                "per_load": {
                    "q_min": 180.0,
                    "q_max": 180.0
                },
                "load_angle": 0,
                "M": 0,
                "e": 0
            }
        },
        "design_requirement": {
            "footing_style": "square",
            "damage_style": "general damage",
            "footing_size": {
                "B": 1.8,
                "L": 1.8
            },
            "safety_factor": 3,
            "ground_style": "rigid",
            "footing_material": "concrete"
        },
        "task_identification": {
            "task": "verification",
            "sub_task": "settlement"
        }
    },
    "capacity": false,
    "settlement": {
        "center": 0.13832706599705902,
        "corner": 0.11765017929913571
    },
    "suggestion": null
}