{
    "structured_data": {
        "basic_information": {
            "soils": [
                {
                    "component": "sandy gravel",
                    "thickness": 3.0,
                    "c": 10.0,
                    "phi": 32.0,
                    "gamma": 20.0,
                    "sigma_c": 0,
                    "C_s": 0,
                    "C_c": 0,
                    "e_0": 0,
                    "elastic_module": 15000.0,
                    "poisson_ratio": 0
                },
                {
                    "component": "silt",
                    "thickness": 6.0,
                    "c": 8.0,
                    "phi": 22.0,
                    "gamma": 18.0,
                    "sigma_c": 0,
                    "C_s": 0,
                    "C_c": 0,
                    "e_0": 0,
                    "elastic_module": 10000.0,
                    "poisson_ratio": 0
                }
            ],
            "D_r": 1.9,
            "GW": 10000,
            "water_weight": 9.8,
            "load": {
                "total_load": -1.0,
                "per_load": {
                    "q_min": -1.0,
                    "q_max": -1.0
                },
                "load_angle": 0,
                "M": 0,
                "e": 0
            }
        },
        "design_requirement": {
            "footing_style": "square",
            "damage_style": "general damage",
            "footing_size": {
                "B": 1.5,
                "L": 1.5
            },
            "safety_factor": 3.2,
            "ground_style": "rigid",
            "footing_material": "concrete"
        },
        "task_identification": {
            "task": "design",
            "sub_task": "capacity and settlement"
        }
    },
    "capacity": {
        "Terzaghi_result": 618.35,
        "general_equation_result": 874.8356209954916
    },
    "settlement": {
        "center": 0.0,
        "corner": 0.0
    },
    "suggestion": null
}