{
    "structured_data": {
        "basic_information": {
            "soils": [
                {
                    "component": "sand",
                    "thickness": 1.2,
                    "c": 0,
                    "phi": 0,
                    "gamma": 16.5,
                    "sigma_c": 0,
                    "C_s": 0,
                    "C_c": 0,
                    "e_0": 0,
                    "elastic_module": 10500.0,
                    "poisson_ratio": 0
                },
                {
                    "component": "clay",
                    "thickness": 2.3,
                    "c": 0,
                    "phi": 0,
                    "gamma": 17.2,
                    "sigma_c": 0,
                    "C_s": 0.08,
                    "C_c": 0.28,
                    "e_0": 0.78,
                    "elastic_module": 8500.0,
                    "poisson_ratio": 0.35
                }
            ],
            "D_r": 1.2,
            "GW": 2.7,
            "water_weight": 9.8,
            "load": {
                "total_load": -1.0,
                "per_load": {
                    "q_min": 140.0,
                    "q_max": 140.0
                },
                "load_angle": 0,
                "M": 0,
                "e": 0
            }
        },
        "design_requirement": {
            "footing_style": "circular",
            "damage_style": "general damage",
            "footing_size": {
                "B": 2.5,
                "L": 2.5
            },
            "safety_factor": 3,
            "ground_style": "rigid",
            "footing_material": "concrete"
        },
        "task_identification": {
            "task": "verification",
            "sub_task": "settlement"
        }
    },
    "capacity": false,
    "settlement": {
        "center": 0.23384884060301184,
        "corner": 0.18921154009660168
    },
    "suggestion": null
}