{
    "structured_data": {
        "basic_information": {
            "soils": [
                {
                    "component": "clayey sand",
                    "thickness": 5.0,
                    "c": 12.0,
                    "phi": 30.0,
                    "gamma": 20.0,
                    "sigma_c": 0,
                    "C_s": 0.06,
                    "C_c": 0.2,
                    "e_0": 0.7,
                    "elastic_module": 15000.0,
                    "poisson_ratio": 0.35
                },
                {
                    "component": "gravel",
                    "thickness": 5.0,
                    "c": 0.0,
                    "phi": 40.0,
                    "gamma": 22.0,
                    "sigma_c": 0,
                    "C_s": 0.03,
                    "C_c": 0.1,
                    "e_0": 0.6,
                    "elastic_module": 30000.0,
                    "poisson_ratio": 0.3
                }
            ],
            "D_r": 2.1,
            "GW": 10000,
            "water_weight": 9.8,
            "load": {
                "total_load": -1.0,
                "per_load": {
                    "q_min": 60.0,
                    "q_max": 140.0
                },
                "load_angle": 18.0,
                "M": 0,
                "e": 0
            }
        },
        "design_requirement": {
            "footing_style": "square",
            "damage_style": "general damage",
            "footing_size": {
                "B": 1.4820142187499994,
                "L": 1.4820142187499994
            },
            "safety_factor": 2.5,
            "ground_style": "rigid",
            "footing_material": "reinforced concrete"
        },
        "task_identification": {
            "task": "design",
            "sub_task": "capacityand settlement"
        }
    },
    "capacity": {
        "Terzaghi_result": 699.929382415,
        "general_equation_result": 603.5894912775151
    },
    "settlement": {
        "center": 0.1400241399171464,
        "corner": 0.13815388270984738
    },
    "suggestion": null
}