{
    "structured_data": {
        "basic_information": {
            "soils": [
                {
                    "component": "silt",
                    "thickness": 2,
                    "c": 10,
                    "phi": 28,
                    "gamma": 17,
                    "sigma_c": 0,
                    "C_s": 0,
                    "C_c": 0,
                    "e_0": 0,
                    "elastic_module": 8000,
                    "poisson_ratio": 0
                },
                {
                    "component": "sand",
                    "thickness": 100,
                    "c": 0,
                    "phi": 32,
                    "gamma": 19,
                    "sigma_c": 0,
                    "C_s": 0,
                    "C_c": 0,
                    "e_0": 0,
                    "elastic_module": 12000,
                    "poisson_ratio": 0
                }
            ],
            "D_r": 1.5,
            "GW": 10000,
            "water_weight": 9.8,
            "load": {
                "total_load": -1,
                "per_load": {
                    "q_min": 0,
                    "q_max": 180
                },
                "load_angle": 15,
                "M": 0,
                "e": 0
            }
        },
        "design_requirement": {
            "footing_style": "strip",
            "damage_style": "general damage",
            "footing_size": {
                "B": 1.4820142187499994,
                "L": 1.4820142187499994
            },
            "safety_factor": 3,
            "ground_style": "rigid",
            "footing_material": "concrete"
        },
        "task_identification": {
            "task": "design",
            "sub_task": [
                "capacity",
                "settlement"
            ]
        }
    },
    "capacity": {
        "Terzaghi_result": 314.27851859114577,
        "general_equation_result": 197.50618482385696
    },
    "settlement": {
        "center": 0.006451982956469076,
        "corner": 0.0032059287239826224
    },
    "suggestion": null
}