{
    "structured_data": {
        "basic_information": {
            "soils": [
                {
                    "component": "clay",
                    "thickness": 2.5,
                    "c": 0.0,
                    "phi": 35.0,
                    "gamma": 19.0,
                    "sigma_c": 0,
                    "C_s": 0.12,
                    "C_c": 0.25,
                    "e_0": 0.75,
                    "elastic_module": 12000.0,
                    "poisson_ratio": 0.35
                },
                {
                    "component": "silt",
                    "thickness": 7.0,
                    "c": 10.0,
                    "phi": 25.0,
                    "gamma": 18.0,
                    "sigma_c": 0,
                    "C_s": 0.09,
                    "C_c": 0.28,
                    "e_0": 0.7,
                    "elastic_module": 20000.0,
                    "poisson_ratio": 0.45
                }
            ],
            "D_r": 2.0,
            "GW": 1.5,
            "water_weight": 9.8,
            "load": {
                "total_load": 150.0,
                "per_load": {
                    "q_min": -1.0,
                    "q_max": -1.0
                },
                "load_angle": 25.0,
                "M": 0,
                "e": 0
            }
        },
        "design_requirement": {
            "footing_style": "square",
            "damage_style": "general damage",
            "footing_size": {
                "B": 1.4820142187499994,
                "L": 1.4820142187499994
            },
            "safety_factor": 2.5,
            "ground_style": "rigid",
            "footing_material": "concrete"
        },
        "task_identification": {
            "task": "design",
            "sub_task": "capacity and settlement"
        }
    },
    "capacity": {
        "Terzaghi_result": 647.7286470713,
        "general_equation_result": 490.31764987210124
    },
    "settlement": {
        "center": 0.23441061084609852,
        "corner": 0.23300694236544336
    },
    "suggestion": null
}