{
    "structured_data": {
        "basic_information": {
            "soils": [
                {
                    "component": "gravel",
                    "thickness": 4.8,
                    "c": 0.0,
                    "phi": 35.0,
                    "gamma": 20.0,
                    "sigma_c": 0,
                    "C_s": 0.0,
                    "C_c": 0.0,
                    "e_0": 0.0,
                    "elastic_module": 12000.0,
                    "poisson_ratio": 0.0
                },
                {
                    "component": "silt",
                    "thickness": 4.8,
                    "c": 10.0,
                    "phi": 25.0,
                    "gamma": 19.0,
                    "sigma_c": 0,
                    "C_s": 0.1,
                    "C_c": 0.3,
                    "e_0": 0.8,
                    "elastic_module": 13000.0,
                    "poisson_ratio": 0.38
                }
            ],
            "D_r": 1.8,
            "GW": 10000,
            "water_weight": 9.8,
            "load": {
                "total_load": 100.0,
                "per_load": {
                    "q_min": -1.0,
                    "q_max": -1.0
                },
                "load_angle": 0,
                "M": 0,
                "e": 0
            }
        },
        "design_requirement": {
            "footing_style": "strip",
            "damage_style": "general damage",
            "footing_size": {
                "B": 0.9403675624999995,
                "L": 0.9403675624999995
            },
            "safety_factor": 3,
            "ground_style": "rigid",
            "footing_material": "concrete"
        },
        "task_identification": {
            "task": "design",
            "sub_task": "capacity and settlement"
        }
    },
    "capacity": {
        "Terzaghi_result": 639.6203033770831,
        "general_equation_result": 661.0038545401264
    },
    "settlement": {
        "center": 0.0028746260495228658,
        "corner": 0.0013753854992486143
    },
    "suggestion": null
}