{
    "structured_data": {
        "basic_information": {
            "soils": [
                {
                    "component": "sand",
                    "thickness": 2.0,
                    "c": 0,
                    "phi": 0,
                    "gamma": 17.0,
                    "sigma_c": 0,
                    "C_s": 0,
                    "C_c": 0,
                    "e_0": 0,
                    "elastic_module": 15000.0,
                    "poisson_ratio": 0.3
                },
                {
                    "component": "clay",
                    "thickness": 1.0,
                    "c": 0,
                    "phi": 0,
                    "gamma": 18.0,
                    "sigma_c": 0,
                    "C_s": 0.07,
                    "C_c": 0.28,
                    "e_0": 0,
                    "elastic_module": 10000.0,
                    "poisson_ratio": 0.3
                },
                {
                    "component": "sand",
                    "thickness": 3.0,
                    "c": 0,
                    "phi": 0,
                    "gamma": 19.0,
                    "sigma_c": 0,
                    "C_s": 0,
                    "C_c": 0,
                    "e_0": 0,
                    "elastic_module": 20000.0,
                    "poisson_ratio": 0.3
                }
            ],
            "D_r": 1.2,
            "GW": 2.2,
            "water_weight": 9.8,
            "load": {
                "total_load": -1.0,
                "per_load": {
                    "q_min": 180.0,
                    "q_max": 180.0
                },
                "load_angle": 0,
                "M": 0,
                "e": 0
            }
        },
        "design_requirement": {
            "footing_style": "square",
            "damage_style": "general damage",
            "footing_size": {
                "B": 1.5,
                "L": 1.5
            },
            "safety_factor": 3,
            "ground_style": "rigid",
            "footing_material": "concrete"
        },
        "task_identification": {
            "task": "verification",
            "sub_task": "settlement"
        }
    },
    "capacity": false,
    "settlement": {
        "center": 0.10997397756101998,
        "corner": 0.10333279710454275
    },
    "suggestion": null
}