{
    "structured_data": {
        "basic_information": {
            "soils": [
                {
                    "component": "loam",
                    "thickness": 5.0,
                    "c": 0.0,
                    "phi": 28.0,
                    "gamma": 17.0,
                    "sigma_c": 0,
                    "C_s": 0.1,
                    "C_c": 0.3,
                    "e_0": 0.8,
                    "elastic_module": 8000.0,
                    "poisson_ratio": 0.3
                },
                {
                    "component": "peat",
                    "thickness": 5.0,
                    "c": 5.0,
                    "phi": 20.0,
                    "gamma": 15.0,
                    "sigma_c": 0,
                    "C_s": 0.1,
                    "C_c": 0.3,
                    "e_0": 0.8,
                    "elastic_module": 5000.0,
                    "poisson_ratio": 0.45
                }
            ],
            "D_r": 2.1,
            "GW": 10000,
            "water_weight": 9.8,
            "load": {
                "total_load": -1.0,
                "per_load": {
                    "q_min": 40.0,
                    "q_max": 100.0
                },
                "load_angle": 15.0,
                "M": 0,
                "e": 0
            }
        },
        "design_requirement": {
            "footing_style": "square",
            "damage_style": "general damage",
            "footing_size": {
                "B": 1.4820142187499994,
                "L": 1.4820142187499994
            },
            "safety_factor": 3,
            "ground_style": "rigid",
            "footing_material": "concrete"
        },
        "task_identification": {
            "task": "design",
            "sub_task": "capacity and settlement"
        }
    },
    "capacity": {
        "Terzaghi_result": 257.9604815395833,
        "general_equation_result": 248.73271029271487
    },
    "settlement": {
        "center": 0.18006060071239813,
        "corner": 0.17630198480807618
    },
    "suggestion": null
}