{
    "structured_data": {
        "basic_information": {
            "soils": [
                {
                    "component": "clay",
                    "thickness": 1.5,
                    "c": 0,
                    "phi": 0,
                    "gamma": 18.0,
                    "sigma_c": 0,
                    "C_s": 0.08,
                    "C_c": 0.25,
                    "e_0": 0,
                    "elastic_module": 12000.0,
                    "poisson_ratio": 0
                },
                {
                    "component": "sand",
                    "thickness": 2.5,
                    "c": 0,
                    "phi": 0,
                    "gamma": 19.0,
                    "sigma_c": 0,
                    "C_s": 0,
                    "C_c": 0,
                    "e_0": 0,
                    "elastic_module": 20000.0,
                    "poisson_ratio": 0
                }
            ],
            "D_r": 1.2,
            "GW": 0.4,
            "water_weight": 9.8,
            "load": {
                "total_load": -1.0,
                "per_load": {
                    "q_min": 80.0,
                    "q_max": 80.0
                },
                "load_angle": 0,
                "M": 0,
                "e": 0
            }
        },
        "design_requirement": {
            "footing_style": "strip",
            "damage_style": "general damage",
            "footing_size": {
                "B": 1.0,
                "L": 10.0
            },
            "safety_factor": 3,
            "ground_style": "rigid",
            "footing_material": "concrete"
        },
        "task_identification": {
            "task": "verification",
            "sub_task": "settlement"
        }
    },
    "capacity": false,
    "settlement": {
        "center": 0.3413989818278809,
        "corner": 0.3377434322870159
    },
    "suggestion": null
}