{
    "structured_data": {
        "basic_information": {
            "soils": [
                {
                    "component": "clay",
                    "thickness": 1.0,
                    "c": 0,
                    "phi": 0,
                    "gamma": 19.0,
                    "sigma_c": 0,
                    "C_s": 0.1,
                    "C_c": 0.35,
                    "e_0": 0.8,
                    "elastic_module": 15000.0,
                    "poisson_ratio": 0.4
                },
                {
                    "component": "sand",
                    "thickness": 2.0,
                    "c": 0,
                    "phi": 0,
                    "gamma": 17.0,
                    "sigma_c": 0,
                    "C_s": 0,
                    "C_c": 0,
                    "e_0": 0,
                    "elastic_module": 12000.0,
                    "poisson_ratio": 0
                },
                {
                    "component": "clay",
                    "thickness": 3.0,
                    "c": 0,
                    "phi": 0,
                    "gamma": 14.5,
                    "sigma_c": 0,
                    "C_s": 0.08,
                    "C_c": 0.29,
                    "e_0": 0.7,
                    "elastic_module": 7000.0,
                    "poisson_ratio": 0.4
                }
            ],
            "D_r": 1.5,
            "GW": 2.5,
            "water_weight": 9.8,
            "load": {
                "total_load": -1.0,
                "per_load": {
                    "q_min": 100.0,
                    "q_max": 100.0
                },
                "load_angle": 0,
                "M": 0,
                "e": 0
            }
        },
        "design_requirement": {
            "footing_style": "rectangular",
            "damage_style": "general damage",
            "footing_size": {
                "B": 2.0,
                "L": 3.0
            },
            "safety_factor": 3,
            "ground_style": "rigid",
            "footing_material": "concrete"
        },
        "task_identification": {
            "task": "verification",
            "sub_task": "settlement"
        }
    },
    "capacity": false,
    "settlement": {
        "center": 0.07987047885877838,
        "corner": 0.06605562741118194
    },
    "suggestion": null
}