{
    "structured_data": {
        "basic_information": {
            "soils": [
                {
                    "component": "sandy clay",
                    "thickness": 3.0,
                    "c": 8.0,
                    "phi": 28.0,
                    "gamma": 18.0,
                    "sigma_c": 0,
                    "C_s": 0,
                    "C_c": 0,
                    "e_0": 0,
                    "elastic_module": 10000.0,
                    "poisson_ratio": 0
                },
                {
                    "component": "clay",
                    "thickness": 7.0,
                    "c": 15.0,
                    "phi": 20.0,
                    "gamma": 19.0,
                    "sigma_c": 0,
                    "C_s": 0,
                    "C_c": 0,
                    "e_0": 0,
                    "elastic_module": 12000.0,
                    "poisson_ratio": 0
                }
            ],
            "D_r": 2.3,
            "GW": 2.0,
            "water_weight": 9.8,
            "load": {
                "total_load": 200.0,
                "per_load": {
                    "q_min": -1.0,
                    "q_max": -1.0
                },
                "load_angle": 30.0,
                "M": 0,
                "e": 0
            }
        },
        "design_requirement": {
            "footing_style": "square",
            "damage_style": "general damage",
            "footing_size": {
                "B": 1.4820142187499994,
                "L": 1.4820142187499994
            },
            "safety_factor": 3.0,
            "ground_style": "rigid",
            "footing_material": "concrete"
        },
        "task_identification": {
            "task": "design",
            "sub_task": "capacity and settlement"
        }
    },
    "capacity": {
        "Terzaghi_result": 360.10413031124995,
        "general_equation_result": 230.38077657248274
    },
    "settlement": {
        "center": 0.004145228663445303,
        "corner": 0.0019360663256172063
    },
    "suggestion": null
}