{
    "structured_data": {
        "basic_information": {
            "soils": [
                {
                    "component": "silt",
                    "thickness": 2.0,
                    "c": 0,
                    "phi": 0,
                    "gamma": 17.0,
                    "sigma_c": 0,
                    "C_s": 0,
                    "C_c": 0,
                    "e_0": 0,
                    "elastic_module": 7500.0,
                    "poisson_ratio": 0
                },
                {
                    "component": "clay",
                    "thickness": 2.5,
                    "c": 0,
                    "phi": 0,
                    "gamma": 18.5,
                    "sigma_c": 0,
                    "C_s": 0.06,
                    "C_c": 0.26,
                    "e_0": 0.68,
                    "elastic_module": 6000.0,
                    "poisson_ratio": 0.32
                }
            ],
            "D_r": 1.5,
            "GW": 4.3,
            "water_weight": 9.8,
            "load": {
                "total_load": -1.0,
                "per_load": {
                    "q_min": 150.0,
                    "q_max": 150.0
                },
                "load_angle": 0,
                "M": 0,
                "e": 0
            }
        },
        "design_requirement": {
            "footing_style": "rectangular",
            "damage_style": "general damage",
            "footing_size": {
                "B": 2.0,
                "L": 3.0
            },
            "safety_factor": 3,
            "ground_style": "rigid",
            "footing_material": "concrete"
        },
        "task_identification": {
            "task": "verification",
            "sub_task": "settlement"
        }
    },
    "capacity": false,
    "settlement": {
        "center": 0.17804280717776916,
        "corner": 0.1386822733989832
    },
    "suggestion": null
}