{
    "structured_data": {
        "basic_information": {
            "soils": [
                {
                    "component": -1.0,
                    "thickness": 3.5,
                    "c": 0.0,
                    "phi": 40.0,
                    "gamma": 22.0,
                    "sigma_c": 0,
                    "C_s": 0,
                    "C_c": 0,
                    "e_0": 0,
                    "elastic_module": 20000.0,
                    "poisson_ratio": 0
                },
                {
                    "component": -1.0,
                    "thickness": 8.5,
                    "c": 20.0,
                    "phi": 27.0,
                    "gamma": 21.0,
                    "sigma_c": 0,
                    "C_s": 0.1,
                    "C_c": 0.27,
                    "e_0": 0.76,
                    "elastic_module": 18000.0,
                    "poisson_ratio": 0.42
                }
            ],
            "D_r": 2.2,
            "GW": 10000,
            "water_weight": 9.8,
            "load": {
                "total_load": 150.0,
                "per_load": {
                    "q_min": -1.0,
                    "q_max": -1.0
                },
                "load_angle": 0,
                "M": 0,
                "e": 0
            }
        },
        "design_requirement": {
            "footing_style": "square",
            "damage_style": "general damage",
            "footing_size": {
                "B": 1.4820142187499994,
                "L": 1.4820142187499994
            },
            "safety_factor": 3,
            "ground_style": "rigid",
            "footing_material": "concrete"
        },
        "task_identification": {
            "task": "design",
            "sub_task": "settlement, capacity"
        }
    },
    "capacity": {
        "Terzaghi_result": 1811.9524413879165,
        "general_equation_result": 2660.5141559806834
    },
    "settlement": {
        "center": 0.019625112574649984,
        "corner": 0.01827510572641149
    },
    "suggestion": null
}