{
    "structured_data": {
        "basic_information": {
            "soils": [
                {
                    "component": "sand",
                    "thickness": 3.0,
                    "c": 0.0,
                    "phi": 30.0,
                    "gamma": 18.0,
                    "sigma_c": 0,
                    "C_s": 0.1,
                    "C_c": 0.3,
                    "e_0": 0.8,
                    "elastic_module": 10000.0,
                    "poisson_ratio": 0.4
                },
                {
                    "component": "clay",
                    "thickness": 7.98,
                    "c": 15.0,
                    "phi": 30.0,
                    "gamma": 20.0,
                    "sigma_c": 0,
                    "C_s": 0.08,
                    "C_c": 0.29,
                    "e_0": 0.8,
                    "elastic_module": 15000.0,
                    "poisson_ratio": 0.4
                }
            ],
            "D_r": 1.8,
            "GW": 2.0,
            "water_weight": 9.8,
            "load": {
                "total_load": -1.0,
                "per_load": {
                    "q_min": 0.0,
                    "q_max": 120.0
                },
                "load_angle": 20.0,
                "M": 0,
                "e": 0
            }
        },
        "design_requirement": {
            "footing_style": "square",
            "damage_style": "general damage",
            "footing_size": {
                "B": 1.4820142187499994,
                "L": 1.4820142187499994
            },
            "safety_factor": 3,
            "ground_style": "rigid",
            "footing_material": "concrete"
        },
        "task_identification": {
            "task": "design",
            "sub_task": "capacity and settlement"
        }
    },
    "capacity": {
        "Terzaghi_result": 295.9150664485906,
        "general_equation_result": 243.102214373546
    },
    "settlement": {
        "center": 0.20069053208266935,
        "corner": 0.19888131919879667
    },
    "suggestion": null
}