{
    "structured_data": {
        "basic_information": {
            "soils": [
                {
                    "component": "clay",
                    "thickness": 6.5,
                    "c": 0,
                    "phi": 0,
                    "gamma": 18.2,
                    "sigma_c": 0,
                    "C_s": 0.08,
                    "C_c": 0.29,
                    "e_0": 0.73,
                    "elastic_module": 12500.0,
                    "poisson_ratio": 0.4
                }
            ],
            "D_r": 1.4,
            "GW": 5.2,
            "water_weight": 9.8,
            "load": {
                "total_load": -1.0,
                "per_load": {
                    "q_min": 170.0,
                    "q_max": 170.0
                },
                "load_angle": 0,
                "M": 0,
                "e": 0
            }
        },
        "design_requirement": {
            "footing_style": "circular",
            "damage_style": "general damage",
            "footing_size": {
                "B": 2.5,
                "L": 2.5
            },
            "safety_factor": 3,
            "ground_style": "rigid",
            "footing_material": "concrete"
        },
        "task_identification": {
            "task": "verification",
            "sub_task": "settlement"
        }
    },
    "capacity": false,
    "settlement": {
        "center": 0.36676369506259576,
        "corner": 0.34381295882634477
    },
    "suggestion": null
}