{
    "structured_data": {
        "basic_information": {
            "soils": [
                {
                    "component": "clay",
                    "thickness": 10.0,
                    "c": 0.0,
                    "phi": 35.0,
                    "gamma": 19.0,
                    "sigma_c": 0,
                    "C_s": 0.1,
                    "C_c": 0.2,
                    "e_0": 0.8,
                    "elastic_module": 12000.0,
                    "poisson_ratio": 0.35
                }
            ],
            "D_r": 1.588305,
            "GW": 1.5,
            "water_weight": 10.0,
            "load": {
                "total_load": 150.0,
                "per_load": {
                    "q_min": -1.0,
                    "q_max": -1.0
                },
                "load_angle": 25.0,
                "M": 0,
                "e": 0
            }
        },
        "design_requirement": {
            "footing_style": "strip",
            "damage_style": "general damage",
            "footing_size": {
                "B": 1.4820142187499994,
                "L": 1.4820142187499994
            },
            "safety_factor": 3,
            "ground_style": "rigid",
            "footing_material": "concrete"
        },
        "task_identification": {
            "task": "design",
            "sub_task": "capacity and settlement"
        }
    },
    "capacity": {
        "Terzaghi_result": 505.6054761101562,
        "general_equation_result": 213.74398767541314
    },
    "settlement": {
        "center": 0.08453225073096522,
        "corner": 0.08224694240449062
    },
    "suggestion": null
}