{
    "structured_data": {
        "basic_information": {
            "soils": [
                {
                    "component": "silt",
                    "thickness": 2.5,
                    "c": 5.0,
                    "phi": 25.0,
                    "gamma": 17.5,
                    "sigma_c": 0,
                    "C_s": 0.09,
                    "C_c": 0.28,
                    "e_0": 0.75,
                    "elastic_module": 9000.0,
                    "poisson_ratio": 0.35
                },
                {
                    "component": "sand",
                    "thickness": 5.5,
                    "c": 0.0,
                    "phi": 32.0,
                    "gamma": 19.0,
                    "sigma_c": 0,
                    "C_s": 0.07,
                    "C_c": 0.25,
                    "e_0": 0.7,
                    "elastic_module": 12000.0,
                    "poisson_ratio": 0.3
                }
            ],
            "D_r": 2.1,
            "GW": 1.5,
            "water_weight": 9.8,
            "load": {
                "total_load": -1.0,
                "per_load": {
                    "q_min": 50.0,
                    "q_max": 150.0
                },
                "load_angle": 15.0,
                "M": 0,
                "e": 0
            }
        },
        "design_requirement": {
            "footing_style": "square",
            "damage_style": "general damage",
            "footing_size": {
                "B": 2.5,
                "L": 2.5
            },
            "safety_factor": 2.5,
            "ground_style": "rigid",
            "footing_material": "concrete"
        },
        "task_identification": {
            "task": "design",
            "sub_task": "capacity and settlement"
        }
    },
    "capacity": {
        "Terzaghi_result": 248.09175999999997,
        "general_equation_result": 229.20388207779033
    },
    "settlement": {
        "center": 0.41947243327435013,
        "corner": 0.4085529310617181
    },
    "suggestion": null
}