{
    "structured_data": {
        "basic_information": {
            "soils": [
                {
                    "component": "clay",
                    "thickness": 3.0,
                    "c": 0,
                    "phi": 0,
                    "gamma": 0,
                    "sigma_c": 0,
                    "C_s": 0,
                    "C_c": 0,
                    "e_0": 0,
                    "elastic_module": 5000.0,
                    "poisson_ratio": 0.28
                },
                {
                    "component": "sand",
                    "thickness": 3.0,
                    "c": 0,
                    "phi": 0,
                    "gamma": 0,
                    "sigma_c": 0,
                    "C_s": 0,
                    "C_c": 0,
                    "e_0": 0,
                    "elastic_module": 14000.0,
                    "poisson_ratio": 0.28
                },
                {
                    "component": "gravel",
                    "thickness": 100,
                    "c": 0,
                    "phi": 0,
                    "gamma": 0,
                    "sigma_c": 0,
                    "C_s": 0,
                    "C_c": 0,
                    "e_0": 0,
                    "elastic_module": 16000.0,
                    "poisson_ratio": 0.28
                }
            ],
            "D_r": 1.0,
            "GW": 10000,
            "water_weight": 9.8,
            "load": {
                "total_load": -1.0,
                "per_load": {
                    "q_min": 170.0,
                    "q_max": 170.0
                },
                "load_angle": 0,
                "M": 0,
                "e": 0
            }
        },
        "design_requirement": {
            "footing_style": "rectangular",
            "damage_style": "general damage",
            "footing_size": {
                "B": 2.0,
                "L": 3.0
            },
            "safety_factor": 3,
            "ground_style": "rigid",
            "footing_material": "concrete"
        },
        "task_identification": {
            "task": "verification",
            "sub_task": "settlement"
        }
    },
    "capacity": false,
    "settlement": {
        "center": 0.026002181687688506,
        "corner": 0.012853332743358056
    },
    "suggestion": null
}