{
    "structured_data": {
        "basic_information": {
            "soils": [
                {
                    "component": "silty sand",
                    "thickness": 2.0,
                    "c": 5.0,
                    "phi": 30.0,
                    "gamma": 17.0,
                    "sigma_c": 0,
                    "C_s": 0,
                    "C_c": 0,
                    "e_0": 0,
                    "elastic_module": 9000.0,
                    "poisson_ratio": 0
                },
                {
                    "component": "dense sand",
                    "thickness": 6.0,
                    "c": 0.0,
                    "phi": 38.0,
                    "gamma": 20.0,
                    "sigma_c": 0,
                    "C_s": 0,
                    "C_c": 0,
                    "e_0": 0,
                    "elastic_module": 25000.0,
                    "poisson_ratio": 0
                }
            ],
            "D_r": 2.2,
            "GW": 1.5,
            "water_weight": 9.8,
            "load": {
                "total_load": 180.0,
                "per_load": {
                    "q_min": -1.0,
                    "q_max": -1.0
                },
                "load_angle": 20.0,
                "M": 0,
                "e": 0
            }
        },
        "design_requirement": {
            "footing_style": "square",
            "damage_style": "general damage",
            "footing_size": {
                "B": 1.4820142187499994,
                "L": 1.4820142187499994
            },
            "safety_factor": 2.8,
            "ground_style": "rigid",
            "footing_material": "concrete"
        },
        "task_identification": {
            "task": "design",
            "sub_task": "capacity and settlement"
        }
    },
    "capacity": {
        "Terzaghi_result": 854.2827292723662,
        "general_equation_result": 747.1048188507931
    },
    "settlement": {
        "center": 0.0022344636981730744,
        "corner": 0.0010247503631881645
    },
    "suggestion": null
}