{
    "structured_data": {
        "basic_information": {
            "soils": [
                {
                    "component": "clay",
                    "thickness": 2.0,
                    "c": 0,
                    "phi": 0,
                    "gamma": 0,
                    "sigma_c": 0,
                    "C_s": 0,
                    "C_c": 0,
                    "e_0": 0,
                    "elastic_module": 6000.0,
                    "poisson_ratio": 0.3
                },
                {
                    "component": "sand",
                    "thickness": 4.0,
                    "c": 0,
                    "phi": 0,
                    "gamma": 0,
                    "sigma_c": 0,
                    "C_s": 0,
                    "C_c": 0,
                    "e_0": 0,
                    "elastic_module": 12000.0,
                    "poisson_ratio": 0.3
                },
                {
                    "component": "gravel",
                    "thickness": 100,
                    "c": 0,
                    "phi": 0,
                    "gamma": 0,
                    "sigma_c": 0,
                    "C_s": 0,
                    "C_c": 0,
                    "e_0": 0,
                    "elastic_module": 18000.0,
                    "poisson_ratio": 0.3
                }
            ],
            "D_r": 1.2,
            "GW": 10000,
            "water_weight": 9.8,
            "load": {
                "total_load": -1.0,
                "per_load": {
                    "q_min": 150.0,
                    "q_max": 150.0
                },
                "load_angle": 0,
                "M": 0,
                "e": 0
            }
        },
        "design_requirement": {
            "footing_style": "square",
            "damage_style": "general damage",
            "footing_size": {
                "B": 1.5,
                "L": 1.5
            },
            "safety_factor": 3,
            "ground_style": "rigid",
            "footing_material": "concrete"
        },
        "task_identification": {
            "task": "verification",
            "sub_task": "settlement"
        }
    },
    "capacity": false,
    "settlement": {
        "center": 0.012714673952638079,
        "corner": 0.006313298791441815
    },
    "suggestion": null
}