{
    "structured_data": {
        "basic_information": {
            "soils": [
                {
                    "component": "crushed stone",
                    "thickness": 4.8,
                    "c": 0.0,
                    "phi": 40.0,
                    "gamma": 22.0,
                    "sigma_c": 0,
                    "C_s": 0.0,
                    "C_c": 0.0,
                    "e_0": 0.0,
                    "elastic_module": 20000.0,
                    "poisson_ratio": 0.0
                },
                {
                    "component": "dense clay",
                    "thickness": 5.2,
                    "c": 20.0,
                    "phi": 27.0,
                    "gamma": 21.0,
                    "sigma_c": 0,
                    "C_s": 0.1,
                    "C_c": 0.3,
                    "e_0": 0.8,
                    "elastic_module": 18000.0,
                    "poisson_ratio": 0.42
                }
            ],
            "D_r": 1.8,
            "GW": 10000,
            "water_weight": 9.8,
            "load": {
                "total_load": 150.0,
                "per_load": {
                    "q_min": -1.0,
                    "q_max": -1.0
                },
                "load_angle": 0,
                "M": 0,
                "e": 0
            }
        },
        "design_requirement": {
            "footing_style": "square",
            "damage_style": "general damage",
            "footing_size": {
                "B": 1.4820142187499994,
                "L": 1.4820142187499994
            },
            "safety_factor": 3,
            "ground_style": "rigid",
            "footing_material": "concrete"
        },
        "task_identification": {
            "task": "design",
            "sub_task": "settlement and capacity"
        }
    },
    "capacity": {
        "Terzaghi_result": 1573.6484413879164,
        "general_equation_result": 2209.6054459815514
    },
    "settlement": {
        "center": 0.010849891987200462,
        "corner": 0.009403548253738046
    },
    "suggestion": null
}