{
    "structured_data": {
        "basic_information": {
            "soils": [
                {
                    "component": "clay",
                    "thickness": 2.0,
                    "c": 0,
                    "phi": 0,
                    "gamma": 20.0,
                    "sigma_c": 0,
                    "C_s": 0.12,
                    "C_c": 0.4,
                    "e_0": 0,
                    "elastic_module": 18000.0,
                    "poisson_ratio": 0
                },
                {
                    "component": "sand",
                    "thickness": 3.0,
                    "c": 0,
                    "phi": 0,
                    "gamma": 18.0,
                    "sigma_c": 0,
                    "C_s": 0,
                    "C_c": 0,
                    "e_0": 0,
                    "elastic_module": 22000.0,
                    "poisson_ratio": 0
                }
            ],
            "D_r": 1.0,
            "GW": 1.5,
            "water_weight": 9.8,
            "load": {
                "total_load": -1.0,
                "per_load": {
                    "q_min": 150.0,
                    "q_max": 150.0
                },
                "load_angle": 0,
                "M": 0,
                "e": 0
            }
        },
        "design_requirement": {
            "footing_style": "circular",
            "damage_style": "general damage",
            "footing_size": {
                "B": 3.0,
                "L": 3.0
            },
            "safety_factor": 3,
            "ground_style": "rigid",
            "footing_material": "concrete"
        },
        "task_identification": {
            "task": "verification",
            "sub_task": "settlement"
        }
    },
    "capacity": false,
    "settlement": {
        "center": 0.6951710846676502,
        "corner": 0.6713004398550997
    },
    "suggestion": null
}