{
    "structured_data": {
        "basic_information": {
            "soils": [
                {
                    "component": "gravel",
                    "thickness": 2.5,
                    "c": 0.0,
                    "phi": 35.0,
                    "gamma": 20.0,
                    "sigma_c": 0,
                    "C_s": 0,
                    "C_c": 0,
                    "e_0": 0,
                    "elastic_module": 12000.0,
                    "poisson_ratio": 0
                },
                {
                    "component": "silt",
                    "thickness": 8.5,
                    "c": 10.0,
                    "phi": 25.0,
                    "gamma": 19.0,
                    "sigma_c": 0,
                    "C_s": 0.09,
                    "C_c": 0.28,
                    "e_0": 0.78,
                    "elastic_module": 13000.0,
                    "poisson_ratio": 0.38
                }
            ],
            "D_r": 2.3,
            "GW": 10000,
            "water_weight": 9.8,
            "load": {
                "total_load": -1.0,
                "per_load": {
                    "q_min": -1.0,
                    "q_max": -1.0
                },
                "load_angle": 0,
                "M": 0,
                "e": 0
            }
        },
        "design_requirement": {
            "footing_style": "square",
            "damage_style": "general damage",
            "footing_size": {
                "B": 1.5,
                "L": 1.5
            },
            "safety_factor": 2.5,
            "ground_style": "rigid",
            "footing_material": "concrete"
        },
        "task_identification": {
            "task": "design",
            "sub_task": "capacity and settlement"
        }
    },
    "capacity": {
        "Terzaghi_result": 980.4639999999999,
        "general_equation_result": 1478.0533696987432
    },
    "settlement": {
        "center": 0.0,
        "corner": 0.0
    },
    "suggestion": null
}