{
    "structured_data": {
        "basic_information": {
            "soils": [
                {
                    "component": "silt",
                    "thickness": 7.0,
                    "c": 10.0,
                    "phi": 25.0,
                    "gamma": 18.0,
                    "sigma_c": 0,
                    "C_s": 0.1,
                    "C_c": 0.3,
                    "e_0": 0.7,
                    "elastic_module": 20000.0,
                    "poisson_ratio": 0.35
                }
            ],
            "D_r": 2.068078,
            "GW": 1.5,
            "water_weight": 10.0,
            "load": {
                "total_load": 150.0,
                "per_load": {
                    "q_min": -1.0,
                    "q_max": -1.0
                },
                "load_angle": 25.0,
                "M": 0,
                "e": 0
            }
        },
        "design_requirement": {
            "footing_style": "square",
            "damage_style": "general damage",
            "footing_size": {
                "B": 1.4820142187499994,
                "L": 1.4820142187499994
            },
            "safety_factor": 2.5,
            "ground_style": "rigid",
            "footing_material": "concrete"
        },
        "task_identification": {
            "task": "design",
            "sub_task": "capacity and settlement"
        }
    },
    "capacity": {
        "Terzaghi_result": 306.9958451,
        "general_equation_result": 220.01705303175063
    },
    "settlement": {
        "center": 0.17818769180493005,
        "corner": 0.17689937209444284
    },
    "suggestion": null
}