{
    "structured_data": {
        "basic_information": {
            "soils": [
                {
                    "component": "clayey silt",
                    "thickness": 4.0,
                    "c": 12.0,
                    "phi": 25.0,
                    "gamma": 19.0,
                    "sigma_c": 0,
                    "C_s": 0,
                    "C_c": 0,
                    "e_0": 0,
                    "elastic_module": 11000.0,
                    "poisson_ratio": 0
                },
                {
                    "component": "gravel",
                    "thickness": 6.0,
                    "c": 0.0,
                    "phi": 40.0,
                    "gamma": 21.0,
                    "sigma_c": 0,
                    "C_s": 0,
                    "C_c": 0,
                    "e_0": 0,
                    "elastic_module": 30000.0,
                    "poisson_ratio": 0
                }
            ],
            "D_r": 2.5,
            "GW": 2.0,
            "water_weight": 9.8,
            "load": {
                "total_load": 250.0,
                "per_load": {
                    "q_min": -1.0,
                    "q_max": -1.0
                },
                "load_angle": 15.0,
                "M": 0,
                "e": 0
            }
        },
        "design_requirement": {
            "footing_style": "square",
            "damage_style": "general damage",
            "footing_size": {
                "B": 1.4820142187499994,
                "L": 1.4820142187499994
            },
            "safety_factor": 3.5,
            "ground_style": "rigid",
            "footing_material": "concrete"
        },
        "task_identification": {
            "task": "design",
            "sub_task": "capacity and settlement"
        }
    },
    "capacity": {
        "Terzaghi_result": 279.82422708300004,
        "general_equation_result": 277.9564223085949
    },
    "settlement": {
        "center": 0.003030467737021105,
        "corner": 0.0014154072098014096
    },
    "suggestion": null
}