{
    "structured_data": {
        "basic_information": {
            "soils": [
                {
                    "component": "clay",
                    "thickness": 4.0,
                    "c": 0.0,
                    "phi": 0.0,
                    "gamma": 0.0,
                    "sigma_c": 0.0,
                    "C_s": 0.0,
                    "C_c": 0.0,
                    "e_0": 0.0,
                    "elastic_module": 5000.0,
                    "poisson_ratio": 0
                },
                {
                    "component": "sand",
                    "thickness": 100.0,
                    "c": 0.0,
                    "phi": 0.0,
                    "gamma": 0.0,
                    "sigma_c": 0.0,
                    "C_s": 0.0,
                    "C_c": 0.0,
                    "e_0": 0.0,
                    "elastic_module": 14000.0,
                    "poisson_ratio": 0
                }
            ],
            "D_r": 1.0,
            "GW": 10000,
            "water_weight": 9.8,
            "load": {
                "total_load": -1.0,
                "per_load": {
                    "q_min": 170.0,
                    "q_max": 170.0
                },
                "load_angle": 0.0,
                "M": 0,
                "e": 0
            }
        },
        "design_requirement": {
            "footing_style": "rectangular",
            "damage_style": "general damage",
            "footing_size": {
                "B": 2.0,
                "L": 3.0
            },
            "safety_factor": 3,
            "ground_style": "rigid",
            "footing_material": "concrete"
        },
        "task_identification": {
            "task": "verification",
            "sub_task": "capacity and settlement"
        }
    },
    "capacity": {
        "Terzaghi_result": 0.0,
        "general_equation_result": 0.0
    },
    "settlement": {
        "center": 0.028667939098000365,
        "corner": 0.014187142851109339
    },
    "suggestion": null
}