{"_note1": "embedding model",
  "image_model_name": "vgg16",
  "image_dim": 512,
  "text_model_name": "facebook/dpr-ctx_encoder-single-nq-base",
  "text_dim": 768,

  "_note2": "recalled number",
  "top_k": 2,

  "_note3": "embedding path",
  "image_path": "image",
  "image_collection_name": "reverse_image_search",
  "image_reconstruction": 1,

  "text_path": "text",
  "text_collection_name": "reverse_text_search",
  "text_reconstruction": 1,

  "image_text_path": "image-text",
  "image_text_collection_name": "reverse_image_text_search",
  "image_text_reconstruction": 1,

  "_note4": "embedding parameters",
  "index_type": "IVF_FLAT",
  "metric_type": "L2",
  "device":  0,
  "host": "127.0.0.1",
  "port": "19530",
  "nlist": 128}